id,dist,comp,prop,dist_water,elevation,contamination,comp_point,cont_code,cont_class,comp_class,n_micro,n_large,prop_def_all,prop_def_pine,prop_def_birch,prop_dead,prop_BA_pine,prop_BA_birch,shannon_exp,shannon_diam,response,dist_stand_scaled,prop_stand_scaled,elevation_scaled,dist_water_scaled,shannon_height,openness,H_percentile,Cont_UA,n_micro_scaled
204,276,8Бп2Сз,0.2,2579.77877304127,131,Medium,7,1,1,3,300,2100,0.444444444444444,0.4375,0.5,0.142857142857143,0.988336560218339,0.0116634397816604,1.065572890932839,6.28897872671414,0.988336560218339,1.7006211038557908,-0.9940347375947703,0.9742429797189233,-0.09599306328568914,3.261945915547021,1,4.5,Середнє,0.2727272727272727
205,228,8Бп2Сз,0.2,2825.45281744802,132,Medium,7,1,1,3,100,700,0.428571428571429,0.5,0,0,0.983981007954029,0,1.0855775985289455,4.71065067421325,0.983981007954029,1.1995561016231906,-0.9940347375947703,1.195759595416603,0.12056243813007447,4.710650674213246,1,5.8,Середнє,0.09090909090909091
206,97,10Бп,0,3080.82112960212,123,Medium,6,1,1,7,0,1500,0.285714285714286,0.428571428571429,0.142857142857143,0.0666666666666667,0.820389169418576,0.179610830581424,1.6012792761935317,9.12546512839809,0.820389169418576,-0.16793380030328048,-1.4691418279532915,-0.797889945862515,0.34566319314784344,5.853320991802024,0,8.44,Середнє,0
189,22,7Бп3Сз,0.3,2770.60000931376,135,Medium,1,1,1,1,100,100,1,0,1,0,0,1,1,1,0,-0.9508478662917181,-0.7564811924155097,1.8603094425096425,0.07221106508103367,1,0,8.4,Середнє,0.09090909090909091
190,74,7Бп3Сз,0.3,3000.68533107346,128,Medium,7,1,1,3,0,500,0.75,0.75,0,0.2,1,0,1,3.789291416276,1,-0.4080274472064014,-0.7564811924155097,0.3096931326258839,0.27502549890695455,3.7892914162759954,0,6.220000000000001,Середнє,0
111,127,10Сз,1,3479.66328879537,120,Medium,7,1,1,3,200,1200,0.333333333333333,0.333333333333333,0,0,1,0,1,8.48528137423857,1,0.1452318260920946,0.9063936238393148,-1.4624397929555544,0.6972325417878621,5.4989185479944105,1,12.099999999999998,Середнє,0.18181818181818182
110,23,10Дз,0,3367.21330524758,125,Medium,7,1,1,3,400,1800,0.111111111111111,0.111111111111111,0,0,1,0,1,5.86519753182598,1,-0.940409012078539,-1.4691418279532915,-0.3548567144671555,0.5981107048425305,4.629876197658818,1,11.120000000000001,Середнє,0.36363636363636365
95,311,10Дз,0,3651.09160595299,124,Medium,7,1,1,3,100,2800,0.25,0.25,0,0,1,0,1,12.9595815094961,1,2.0659810013170614,-1.4691418279532915,-0.5763733301648353,0.8483422988994641,5.671218443260935,1,7.919999999999999,Середнє,0.09090909090909091
94,227,10Сз,1,3569.44686326005,129,Medium,7,1,1,3,0,1500,0.384615384615385,0.384615384615385,0,0.133333333333333,1,0,1,8.31989177611433,1,1.1891172474100113,0.9063936238393148,0.5312097483235636,0.7763745082664508,5.526047247960579,0,6.539999999999999,Середнє,0
109,190,10Сз,1,3278.50377071825,132,Medium,7,1,1,3,0,600,0.333333333333333,0.333333333333333,0,0,1,0,1,4.7622031559046,1,0.8028796415223822,0.9063936238393148,1.195759595416603,0.5199154775984502,3.464101615137754,0,4.6,Середнє,0
123,12,10Сз,1,2920.10260232369,135,Medium,7,1,1,3,100,1000,0.6,0.6,0,0,1,0,1,7.57858283255199,1,-1.0552364084235097,0.9063936238393148,1.8603094425096425,0.20399384689830855,6.597539553864471,1,12.14,Середнє,0.09090909090909091
89,5,10Бп,0,3678.66826516158,125,Medium,2,1,1,2,100,500,0,0,0,0.2,0,0,1.6715168849584172,5,0,-1.128308387915764,-1.4691418279532915,-0.3548567144671555,0.8726504315583645,3.7892914162759954,1,15.920000000000002,Середнє,0.09090909090909091
59,79,10Сз,1,4035.04438145904,120,Medium,0,1,1,0,0,700,0,0,0,0.285714285714286,0,0,1.1871888128781674,4.71065067421325,0,-0.3558331761405055,0.9063936238393148,-1.4624397929555544,1.1867870296827632,4.3713693440071175,1,18.52,Середнє,0
43,6,10Сз,1,4458.06623908937,122,Medium,4,1,1,5,0,4400,0,0,0,0,0.371073313251648,0.622381265146196,2.005547653612221,8.94976726196684,0.371073313251648,-1.1178695337025848,0.9063936238393148,-1.0194065615601948,1.559670175357256,8.93208615636056,1,11.7,Середнє,0
88,23,10Бп,0,3934.57986019166,123,Medium,1,1,1,1,0,2000,0,0,0,0,0.00727100867067784,0.789068038463636,1.7277486517504022,6.17363738325356,0.00727100867067784,-0.940409012078539,-1.4691418279532915,-0.797889945862515,1.0982300767898008,8.233158904502975,1,10,Середнє,0
72,49,10Сз,1,4346.74309851953,122,Medium,2,1,1,2,0,300,0,0,0,0,0,0,1.0965606503372112,1.88988157484231,0,-0.6689988025358806,0.9063936238393148,-1.0194065615601948,1.4615416222026314,1.8898815748423097,0,4.4399999999999995,Середнє,0
57,73,10Сз,1,4512.06178050949,122,Medium,1,1,1,1,0,4200,0,0,0,0.142857142857143,0.0021085955935609,0.947512908576902,1.2393884295025182,8.88705322807946,0.0021085955935609,-0.4184663014195805,0.9063936238393148,-1.0194065615601948,1.6072658893232379,9.747899573271622,1,12.94,Середнє,0
55,53,8Бп2Сз,0.2,5015.72013593343,123,Medium,1,1,1,1,0,700,0,0,0,0,0.0360084405418283,0.962613164522497,1.1799245046178033,7,0.0360084405418283,-0.6272433856831638,-0.9940347375947703,-0.797889945862515,2.051228083068413,5.742347492053464,0,10.440000000000001,Середнє,0
38,49,8Бп2Сз,0.2,5094.11979045847,125,Medium,1,1,1,1,0,4500,0,0,0,0.0222222222222222,0,0.832499937960642,1.5712948268400158,9.47342484699529,0,-0.6689988025358806,-0.9940347375947703,-0.3548567144671555,2.1203354099636513,10.782601369176945,1,12.600000000000001,Середнє,0
1710,8,10Бп,0,2848.73786601205,123,Low,6,0,2,7,500,3600,0.21875,0.5,0.25,0.111111111111111,0.944561518209997,0.0484130829446549,1.265802116639593,6.86289408949923,0.944561518209997,-1.0969918252762265,-1.4691418279532915,-0.797889945862515,0.14108762376557954,5.802838113671523,1,12.639999999999999,Низьке,0.45454545454545453
1700,307,10Бп,0,2579.77849106735,124,Low,7,0,2,3,0,200,0.5,0.5,0,0,1,0,1,2,1,2.024225584464345,-1.4691418279532915,-0.5763733301648353,-0.09599331183861962,2,0,1.98,Низьке,0
1690,340,10Сз,1,2318.54219949698,127,Low,7,0,2,3,0,400,0,0,0,0,1,0,1,4,1,2.3687077734992577,0.9063936238393148,0.08817651692820407,-0.3262665433703658,2.82842712474619,0,6.28,Низьке,0
1680,141,7Бп2Сз1Ос,0.2,2080.25196843484,122,Low,6,0,2,7,0,2500,0.0625,0.142857142857143,0,0.36,0.899941569413957,0,1.384323177301199,4.93374512723507,0.899941569413957,0.29137578507660294,-0.9940347375947703,-1.0194065615601948,-0.5363133987260069,2.4966538965422838,0,7.399999999999999,Низьке,0
1520,74,10Сз,1,1908.54737949624,122,Low,7,0,2,3,0,500,0.8,0.8,0,0,1,0,1,3.789291416276,1,-0.4080274472064014,0.9063936238393148,-1.0194065615601948,-0.6876666824755232,2.8717458874925876,0,4.48,Низьке,0
1530,42,10Сз,1,2177.5504016956,123,Low,2,0,2,2,0,100,0,0,0,0,0,0,1,1,0,-0.7420707820281347,0.9063936238393148,-0.797889945862515,-0.4505472729122975,1,0,2.5,Низьке,0
1540,187,10Сз,1,2453.83744978298,124,Low,7,0,2,3,100,1300,0.25,0.25,0,0.0769230769230769,1,0,1,8.1510551826422,1,0.7715630788828447,0.9063936238393148,-0.5763733301648353,-0.2070071774263299,6.855979497130704,0,9.65,Низьке,0.09090909090909091
1550,21,10Бп,0,2735.20626833635,122,Low,7,0,2,3,0,700,0.285714285714286,0.285714285714286,0,0,1,0,1,5.74234749205346,1,-0.9612867205048973,-1.4691418279532915,-1.0194065615601948,0.04101237112518143,4.710650674213246,1,9.66,Низьке,0
1660,348,10Сз,1,1618.45927101244,124,Low,7,0,2,3,500,2600,0.2,0.2,0,0.0384615384615385,1,0,1,11.8387788487187,1,2.4522186072046908,0.9063936238393148,-0.5763733301648353,-0.9433720661645366,7.403228240808913,1,8.7,Низьке,0.45454545454545453
1500,48,10Сз,1,1409.08691547799,124,Low,7,0,2,3,300,2700,0.12,0.12,0,0.0740740740740741,0.983822648292391,0,1.0862848714750228,3.52528648888881,0.983822648292391,-0.6794376567490598,0.9063936238393148,-0.5763733301648353,-1.1279285403531325,3.2000594207597475,1,4.18,Низьке,0.2727272727272727
1340,73,10Сз,1,1237.5894891545,122,Low,7,0,2,3,400,3400,0.0882352941176471,0.0882352941176471,0,0,1,0,1,9.35775510297494,1,-0.4184663014195805,0.9063936238393148,-1.0194065615601948,-1.2790992154591592,7.472061878458641,1,12.8,Низьке,0.36363636363636365
1180,133,7Бп3Сз,0.3,1121.46916073634,123,Low,7,0,2,3,1100,900,0.222222222222222,0.222222222222222,0,0,1,0,1,5.34941802342378,1,0.2078649513711696,-0.7564811924155097,-0.797889945862515,-1.3814563692475506,4.585756412345816,1,9.220000000000002,Низьке,1
1170,125,7Бп3Сз,0.3,836.584435941423,123,Low,7,0,2,3,400,2100,0.142857142857143,0.15,0,0,0.999951435093002,4.85649069982031e-5,1.0005310809513972,5.6809967075282,0.999951435093002,0.12435411766573624,-0.7564811924155097,-0.797889945862515,-1.6325751008686757,4.729806811657798,1,4.6,Низьке,0.36363636363636365
1330,253,10Сз,1,986.807326698375,126,Low,7,0,2,3,100,2700,0.259259259259259,0.269230769230769,0,0,0.966761515545031,0.0332384844549691,1.1569939533469404,10.6151520603949,0.966761515545031,1.4605274569526698,0.9063936238393148,-0.13334009876947572,-1.500157394673648,4.7529923658123,0,5.259999999999999,Низьке,0.09090909090909091
1490,222,10Сз,1,1194.85242637417,125,Low,7,0,2,3,100,5500,0.235294117647059,0.235294117647059,0,0.0727272727272727,1,0,1,7.90257907933639,1,1.1369229763441155,0.9063936238393148,-0.3548567144671555,-1.3167708631978532,6.688425229821171,1,7.580000000000002,Низьке,0.09090909090909091
1320,137,10Сз,1,772.257621606156,124,Low,7,0,2,3,100,900,0,0,0,0,1,0,1,5.34941802342378,1,0.24962036822388625,0.9063936238393148,-0.5763733301648353,-1.6892775724972566,2.8888455168024434,0,3.6500000000000004,Низьке,0.09090909090909091
2660,24,9Сз1Бп,0.9,3773.32031271969,128,Low,3,0,2,4,200,4300,0.527777777777778,0.5,0.541666666666667,0.162790697674419,0.148445280851506,0.851554719148494,1.521965762612528,6.90817555673665,0.148445280851506,-0.9299701578653597,0.6688400786600542,0.3096931326258839,0.9560838348243547,6.7336628989604,1,10.800000000000002,Низьке,0.18181818181818182
2650,184,10Бп,0,3599.75629086091,126,Low,1,0,2,1,0,400,0.25,0,0.5,0,0,0.569573103582302,1.9806693895136827,2.82842712474619,0,0.7402465162433072,-1.4691418279532915,-0.13334009876947572,0.8030915076449521,4,0,9.26,Низьке,0
2640,144,7Бп3Ос,0,3443.68441943035,126,Low,4,0,2,5,100,800,0.125,0,0.5,0,0.254160654160654,0.745839345839346,1.7627235714545257,4.45565973351251,0.254160654160654,0.32269234771614047,-1.4691418279532915,-0.13334009876947572,0.6655180718505562,3.363585661014858,0,8.35,Низьке,0.09090909090909091
2320,49,5Бп2Ос2Сз1Врл,0.2,2934.55605404979,123,Low,6,0,2,7,0,1000,0,0,0,0.2,0.812376590609917,0,1.7789488380963288,5.74349177498518,0.812376590609917,-0.6689988025358806,-0.9940347375947703,-0.797889945862515,0.2167342016773098,5.743491774985176,0,7.059999999999999,Низьке,0
2150,28,8Сз2Бп,0.8,2517.75758842954,126,Low,5,0,2,6,0,1000,0,0,0,0,0.55865434629624,0.284926414343848,2.646361271889959,7.19223093324864,0.55865434629624,-0.8882147410126431,0.4312865334807936,-0.13334009876947572,-0.15066318020595995,6.597539553864471,0,9.199999999999996,Низьке,0
1990,48,8Сз2Бп,0.8,2272.74091146181,126,Low,7,0,2,3,0,700,0,0,0,0,1,0,1,7,1,-0.6794376567490598,0.4312865334807936,-0.13334009876947572,-0.36663922873033217,3.5859888270569535,0,6.8999999999999995,Низьке,0
1830,82,8Сз2Бп,0.8,2042.43569129844,124,Low,7,0,2,3,0,600,0,0,0,0,1,0,1,6,1,-0.324516613500968,0.4312865334807936,-0.5763733301648353,-0.5696474974775703,6,0,8.35,Низьке,0
2470,12,10Бп,0,3037.51179363689,125,Low,5,0,2,6,0,5400,0,0,0,0.0555555555555556,0.635447655106895,0.364552344893105,1.9270542839821243,6.24868818739066,0.635447655106895,-1.0552364084235097,-1.4691418279532915,-0.3548567144671555,0.3074871009660988,6.328159299155322,1,12.559999999999999,Низьке,0
2630,24,10Бп,0,3307.57675261606,125,Low,4,0,2,5,0,300,0,0,0,0,0.300727846050841,0.631541435390164,2.3023637786728353,3,0.300727846050841,-0.9299701578653597,-1.4691418279532915,-0.3548567144671555,0.5455425811361271,1.8898815748423097,0,10.439999999999998,Низьке,0
2620,43,7Сз3Бп,0.7,3194.00454794071,124,Low,7,0,2,3,0,200,0,0,0,0,1,0,1,2,1,-0.7316319278149556,0.19373298830153277,-0.5763733301648353,0.4454315344451549,2,0,5.1899999999999995,Низьке,0
2610,48,7Сз3Бп,0.7,3105.42825770642,125,Low,7,0,2,3,0,4500,0.0222222222222222,0.0222222222222222,0,0,1,0,1,12.0418961514412,1,-0.6794376567490598,0.19373298830153277,-0.3548567144671555,0.3673537587014678,4.64357406493264,1,5.640000000000001,Низьке,0
2920,93,7Сз3Бп,0.7,3637.7374651537,128,Low,4,0,2,5,0,500,0,0,0,0,0.353695063648407,0.646304936351593,1.9149740448741026,5,0.353695063648407,-0.20968921715599714,0.19373298830153277,0.3096931326258839,0.836570959099404,5.000000000000001,0,6.690000000000001,Низьке,0
2910,242,8Сз2Бп,0.8,3610.53268351829,128,Low,4,0,2,5,0,200,0,0,0,0,0.310608020698577,0.689391979301423,1.8581591431716549,2,0.310608020698577,1.345700060607699,0.4312865334807936,0.3096931326258839,0.8125906271836375,2,0,8.299999999999999,Низьке,0
2740,53,8Сз2Бп,0.8,3308.44412582712,126,Low,7,0,2,3,0,800,0,0,0,0,1,0,1,6.72717132202972,1,-0.6272433856831638,0.4312865334807936,-0.13334009876947572,0.5463071488424524,3.7467482975009925,0,6.819999999999999,Низьке,0
2570,294,8Сз2Бп,0.8,3035.79232243471,130,Low,7,0,2,3,0,2600,0,0,0,0,1,0,1,10.7812834329899,1,1.8885204796930157,0.4312865334807936,0.7527263640212435,0.3059714302762738,6.724011450962163,1,7.85,Низьке,0
2730,240,10Сз,1,3333.09114787691,130,Low,7,0,2,3,0,1000,0,0,0,0,1,0,1,8.70550563296124,1,1.3248223521813407,0.9063936238393148,0.7527263640212435,0.5680328799073129,6.597539553864471,0,7.899999999999999,Низьке,0
289,297,10Сз,1,3630.830295541,129,Low,7,0,2,3,0,3400,0,0,0,0.0294117647058824,0.995406359098971,0.0045936409010286,1.0297448171147192,9.47546748104988,0.995406359098971,1.9198370423325533,0.9063936238393148,0.5312097483235636,0.8304824625207197,6.999697727498853,1,6.799999999999999,Низьке,0
3210,9,10Сз,1,4227.24931296338,135,Low,7,0,2,3,0,1200,0,0,0,0,1,0,1,7.2369838003579,1,-1.0865529710630473,0.9063936238393148,1.8603094425096425,1.3562108506525998,4.870801289640724,1,14.95,Низьке,0
3380,14,7Бп2Сз1Гз,0.2,4507.68717724274,129,Low,5,0,2,6,0,3400,0,0,0,0.0294117647058824,0.590071070309486,0.409928929690514,1.9676356989303598,12.1671763131381,0.590071070309486,-1.0343586999971515,-0.9940347375947703,0.5312097483235636,1.603409786387278,11.832518457360038,1,12.64,Низьке,0
984,150,7Бп3Сз,0.3,5145.99633068825,135,Medium,6,1,1,7,0,2100,0,0,0,0,0.773936151264934,0.226063848735065,1.7065543326147963,10.1590836745009,0.773936151264934,0.38532547299521547,-0.7564811924155097,1.8603094425096425,2.166063277587206,9.51009847477102,1,12,Середнє,0
983,179,7Бп3Сз,0.3,4955.51440186359,133,Medium,7,1,1,3,0,1100,0,0,0,0,0.94922308900323,0,1.2223759779818761,7.53693041596068,0.94922308900323,0.6880522451774114,-0.7564811924155097,1.4172762111142827,1.9981582402159372,6.6444919442244625,1,9.360000000000001,Середнє,0
1005,9,7Бп3Сз,0.3,4534.51334281818,129,Medium,1,1,1,1,400,4800,0.0666666666666667,1,0.222222222222222,0.0625,0.00577595699886506,0.877283064084011,1.582713367350082,4.4486540119136,0.00577595699886506,-1.0865529710630473,-0.7564811924155097,0.5312097483235636,1.6270563777530038,6.398708462300241,1,13.06,Середнє,0.36363636363636365
1004,157,10Сз,1,4358.72553652775,129,Medium,7,1,1,3,400,300,0,0,0,0,0.999503133302237,0,1.004285659292004,3,0.999503133302237,0.45839745248746966,0.9063936238393148,0.5312097483235636,1.4721038404350026,2.9999999999999996,0,8.239999999999998,Середнє,0.36363636363636365
1027,40,10Бп,0,4114.22598585235,130,Medium,6,1,1,7,0,1100,0.636363636363636,0.857142857142857,0.333333333333333,0,0.941387681187701,0.0578317579012278,1.2551792754575906,5.8577259919198,0.941387681187701,-0.7629484904544931,-1.4691418279532915,0.7527263640212435,1.2565836257525873,5.164120008639386,0,9.1,Середнє,0
364,140,9Бп1Сз,0.1,3472.80892020886,124,Medium,5,1,1,6,0,600,0.166666666666667,0.2,0,0,0.670394636599116,0,1.884945310928253,6,0.670394636599116,0.28093693086342375,-1.231588282774031,-0.5763733301648353,0.6911905879879621,2.381101577952299,0,4.56,Середнє,0
341,54,10Сз,1,3299.21249139333,127,Medium,7,1,1,3,0,400,0,0,0,0,1,0,1,4,1,-0.6168045314699847,0.9063936238393148,0.08817651692820407,0.5381696948899033,1.7547653506033232,0,5.07,Середнє,0
318,34,10Сз,1,3144.72408386088,130,Medium,7,1,1,3,100,500,0,0,0,0,0.983598602484472,0,1.0872833793311782,2.58640928985893,0.983598602484472,-0.8255816157335681,0.9063936238393148,0.7527263640212435,0.4019920427618573,2.586409289858933,0,3.64,Середнє,0.09090909090909091
295,173,10Сз,1,2968.01908674132,124,Medium,7,1,1,3,100,300,1,1,0,0,1,0,1,1.88988157484231,1,0.6254191198983363,0.9063936238393148,-0.5763733301648353,0.24623102475809286,1.8898815748423097,0,2.2399999999999998,Середнє,0.09090909090909091
296,65,10Сз,1,2830.50134362837,126,Medium,7,1,1,3,0,1200,0.272727272727273,0.272727272727273,0,0.0833333333333333,1,0,1,3.86595754555187,1,-0.5019771351250139,0.9063936238393148,-0.13334009876947572,0.1250125871925702,1.3322056912494478,0,3.26,Середнє,0
272,5,10Сз,1,2704.65051835361,124,Medium,7,1,1,3,0,400,0,0,0,0.25,1,0,1,2.82842712474619,1,-1.128308387915764,0.9063936238393148,-0.5763733301648353,0.014078244752061085,2.82842712474619,0,3.8899999999999997,Середнє,0
248,80,10Сз,1,2478.1731657493,124,Medium,5,1,1,6,200,500,0,0,0,0,0.592568207069668,0.404798156454467,1.9973329624560923,5,0.592568207069668,-0.34539432192732633,0.9063936238393148,-0.5763733301648353,-0.18555585485733794,3.7892914162759954,0,9.579999999999998,Середнє,0.18181818181818182
270,51,10Сз,1,2341.83616723294,126,Medium,7,1,1,3,0,1700,0.0666666666666667,0.0666666666666667,0,0.117647058823529,1,0,1,11.307652494684,1,-0.6481210941095222,0.9063936238393148,-0.13334009876947572,-0.3057334957087593,5.91937566707958,1,12.22,Середнє,0
269,37,10Сз,1,2068.31647668514,126,Medium,7,1,1,3,0,2100,0,0,0,0,1,0,1,8.44192866399272,1,-0.7942650530940306,0.9063936238393148,-0.13334009876947572,-0.5468342350102853,5.035949635477414,1,5.5,Середнє,0
169,218,9Сз1Бп,0.9,429.582452146226,123,High,0,2,0,0,0,1100,0,0,0,0,0,0,1,1.60663079608635,0,1.095167559491399,0.6688400786600542,-0.797889945862515,-1.9913371300069798,1.7967017416268891,0,2.15,Високе,0
239,17,10Сз,1,656.646835066801,127,High,7,2,0,3,0,1300,0,0,0,0.230769230769231,1,0,1,7.62749299003007,1,-1.003042137357614,0.9063936238393148,0.08817651692820407,-1.7911855779137742,8.1510551826422,1,14.600000000000001,Високе,0
262,90,10Сз,1,941.64316201384,126,High,7,2,0,3,0,500,0,0,0,0,1,0,1,5,1,-0.24100577979553467,0.9063936238393148,-0.13334009876947572,-1.5399684717978168,2.8717458874925876,0,6.4399999999999995,Високе,0
263,89,10Сз,1,910.949085879139,126,High,7,2,0,3,100,700,0.571428571428571,0.571428571428571,0,0,1,0,1,7,1,-0.2514446340087138,0.9063936238393148,-0.13334009876947572,-1.5670245292006035,3.5859888270569535,1,10.04,Високе,0.09090909090909091
286,232,10Сз,1,1210.50620341951,125,High,7,2,0,3,100,500,0.2,0.2,0,0,1,0,1,5,1,1.2413115184759074,0.9063936238393148,-0.3548567144671555,-1.3029724517893948,3.7892914162759954,0,6.779999999999999,Високе,0.09090909090909091
309,304,10Сз,1,1510.23020702502,127,High,7,2,0,3,0,700,0,0,0,0,1,0,1,5.74234749205346,1,1.9929090218248073,0.9063936238393148,0.08817651692820407,-1.0387732685021758,3.5859888270569535,0,5.14,Високе,0
332,114,10Сз,1,1810.03258221912,132,High,7,2,0,3,0,500,0,0,0,0,1,0,1,5,1,0.009526721320765385,0.9063936238393148,1.195759595416603,-0.7745050026274783,2.586409289858933,0,5.64,Високе,0
331,199,9Сз1Бп,0.9,1825.66114144143,133,High,6,2,0,7,0,200,0,0,0,0,0.9,0,1.384145488461686,2,0.9,0.8968293294409947,0.6688400786600542,1.4172762111142827,-0.7607288200968166,2,0,2.2199999999999998,Високе,0
284,148,10Сз,1,1326.44596101871,127,High,7,2,0,3,0,3200,0.419354838709677,0.448275862068966,0,0.03125,0.997631426680376,0,1.018290997549464,7.020761974385,0.997631426680376,0.36444776456885714,0.9063936238393148,0.08817651692820407,-1.200774466643891,5.512492188340269,1,7.479999999999995,Високе,0
261,126,10Сз,1,1060.18960008138,124,High,7,2,0,3,0,400,0,0,0,0,1,0,1,4,1,0.1347929718789154,0.9063936238393148,-0.5763733301648353,-1.435472763271664,4,0,5.21,Високе,0
306,16,10Сз,1,1633.88051185026,129,High,7,2,0,3,0,900,0.125,0.125,0,0.111111111111111,1,0,1,9,1,-1.0134809915707932,0.9063936238393148,0.5312097483235636,-0.9297786295841616,5.349418023423783,1,7.9,Високе,0
283,205,8Бп2Влч,0,1475.52985323411,125,High,7,2,0,3,0,600,0.5,0.5,0,0,1,0,1,4.7622031559046,1,0.9594624547200697,-1.4691418279532915,-0.3548567144671555,-1.0693607590636671,3.77976314968462,0,5.970000000000001,Високе,0
237,318,10Сз,1,1042.24468175331,124,High,7,2,0,3,0,1000,0,0,0,0,1,0,1,6.59753955386447,1,2.139052980809316,0.9063936238393148,-0.5763733301648353,-1.451290758191657,4.3527528164806215,0,5.460000000000001,Високе,0
236,91,8Бп2Сз,0.2,1297.88164450309,122,High,6,2,0,7,0,1000,0,0,0,0,0.842130750605327,0,1.5466938572840576,8.70550563296124,0.842130750605327,-0.2305669255823555,-0.9940347375947703,-1.0194065615601948,-1.2259531944194524,3.7204105801130147,0,5.5,Високе,0
259,89,8Бп2Сз,0.2,1462.85072642559,121,High,7,2,0,3,0,500,0.6,0.6,0,0,1,0,1,5,1,-0.2514446340087138,-0.9940347375947703,-1.2409231772578746,-1.0805370909800627,1.6493848884661177,0,4.6,Високе,0
257,10,8Бп2Сз,0.2,1266.4010620886,119,High,7,2,0,3,0,200,1,1,0,0,1,0,1,2,1,-1.0761141168498682,-0.9940347375947703,-1.6839564086532341,-1.2537025373591693,2,0,3.98,Високе,0
213,10,10Бп,0,1187.01926411821,124,High,2,2,0,2,0,300,0,0,0,0.333333333333333,0,0,1,3,0,-1.0761141168498682,-1.4691418279532915,-0.5763733301648353,-1.3236755990404476,2.9999999999999996,0,4.88,Високе,0
513,57,10Сз,1,1543.64077875484,130,High,7,2,0,3,0,900,0.333333333333333,0.375,0,0,0.998950505856177,0,1.0082820002613413,6.61380521524019,0.998950505856177,-0.5854879688304472,0.9063936238393148,0.7527263640212435,-1.0093226884418764,4.585756412345816,1,14.48,Високе,0
516,68,10Сз,1,2420.11993518484,129,High,7,2,0,3,0,2100,0.571428571428571,0.571428571428571,0,0,1,0,1,10.7579664811709,1,-0.4706605724854764,0.9063936238393148,0.5312097483235636,-0.23672831991790086,6.754791921632428,1,9.7,Високе,0
539,19,10Сз,1,2493.15778950338,126,High,7,2,0,3,0,4600,0.333333333333333,0.341463414634146,0,0.0869565217391304,0.99970700006153,0,1.002680195910046,12.1629126653134,0.99970700006153,-0.9821644289312557,0.9063936238393148,-0.13334009876947572,-0.17234728527308513,8.038575222246212,1,8.01,Високе,0
543,5,8Акб1Бп1Сз,0.1,3657.08492694839,135,High,7,2,0,3,0,1800,0.466666666666667,0.7,0,0.166666666666667,0.971294439708478,0.00127030629029741,1.145012719135956,12.2471100015694,0.971294439708478,-1.128308387915764,-1.231588282774031,1.8603094425096425,0.8536252608681922,9.90578174668388,1,15.780000000000001,Високе,0
566,88,8Акб1Бп1Сз,0.1,3730.03227955102,133,High,7,2,0,3,0,1500,0.428571428571429,0.461538461538462,0,0.0666666666666667,0.99684824120603,0,1.021528740196154,8.61523766247776,0.99684824120603,-0.261883488221893,-1.231588282774031,1.4172762111142827,0.9179265205228773,5.652658590575096,1,10.41,Високе,0
587,130,10Сз,1,3105.80050138772,136,High,7,2,0,3,0,1400,0.428571428571429,0.428571428571429,0,0,1,0,1,7.91850532021007,1,0.1765483887316321,0.9063936238393148,2.081826058207322,0.3676818821597168,6.257530051692513,1,7.8,Високе,0
582,194,10Сз,1,2748.79829420079,144,High,6,2,0,7,400,1300,0.0769230769230769,0.125,0,0,0.842390544132046,0.157609455867954,1.5460208949498297,7.62749299003007,0.842390544132046,0.8446350583750989,0.9063936238393148,3.8539589837887607,0.05299340063701933,6.3257049083582695,1,7.73,Високе,0.36363636363636365
606,74,6Сз4Бп,0.6,1882.23668942836,123,High,7,2,0,3,0,400,1,1,0,0,1,0,1,4,1,-0.4080274472064014,-0.04382055687772783,-0.797889945862515,-0.7108588951246179,2,0,7,Високе,0
629,87,9Сз1Бп,0.9,1892.37362498211,127,High,6,2,0,7,0,1200,0.166666666666667,0.181818181818182,0,0,0.825582313462298,0,1.5885510805986574,4.15424173615638,0.825582313462298,-0.27232234243507214,0.6688400786600542,0.08817651692820407,-0.7019234409663956,2.4295213819663615,0,3.36,Високе,0
652,9,9Сз1Бп,0.9,1933.07456664821,124,High,5,2,0,6,100,1300,0.333333333333333,0.222222222222222,1,0.0769230769230769,0.458148470503322,0.537605875984461,2.043076043557957,7.62749299003007,0.458148470503322,-1.0865529710630473,0.6688400786600542,-0.5763733301648353,-0.666046582864108,7.326583883488507,1,5.05,Високе,0.09090909090909091
770,39,6Ос3Бп1Сз,0.1,3324.60717494652,142,High,3,2,0,4,600,2200,0,0,0,0.272727272727273,0.12373960459378,0,1.4539881975610376,7.38899168862644,0.12373960459378,-0.7733873446676722,-1.231588282774031,3.410925752393401,0.5605544707966764,5.309400962170089,0,5.659999999999998,Високе,0.5454545454545454
769,150,6Ос3Бп1Сз,0.1,3074.38175449862,136,High,0,2,0,0,300,900,0,0,0,0.111111111111111,0.0352697095435685,0,1.1648682285087402,4.58575641234582,0.0352697095435685,0.38532547299521547,-1.231588282774031,2.081826058207322,0.339987045682978,3.709079297755367,0,5.12,Високе,0.2727272727272727
768,256,6Ос3Бп1Сз,0.1,2812.41154463994,126,High,0,2,0,0,100,600,0,0,0,0.166666666666667,0.00840680746360468,0,1.0497427089433018,3.77976314968462,0.00840680746360468,1.4918440195922074,-1.231588282774031,-0.13334009876947572,0.10906688360833702,2.7494592739972052,0,9.7,Високе,0.09090909090909091
791,53,10Сз,1,2738.75334221711,128,High,5,2,0,6,700,13500,0.1328125,0.0638297872340425,0,0.0518518518518519,0.491599563515954,0.00963275135460566,2.7617171012094626,4.40325588192502,0.491599563515954,-0.6272433856831638,0.9063936238393148,0.3096931326258839,0.04413902768616082,3.822378728106328,1,5.8000000000000025,Високе,0.6363636363636364
767,38,5Бп5Влч,0,2527.05717794844,122,High,4,2,0,5,500,2100,0.3,0.230769230769231,0.25,0.0476190476190476,0.290090518858858,0.673976514520543,2.1052745966914497,7.3334571245908,0.290090518858858,-0.7838261988808515,-1.4691418279532915,-1.0194065615601948,-0.1424658255521984,8.607964835115796,1,13.940000000000003,Високе,0.45454545454545453
744,80,6Ос3Бп1Сз,0.1,2412.46385993517,124,High,1,2,0,1,300,2300,0,0,0,0,0.0109115913113073,0.985655991793762,1.0865588203517456,9.81279136263126,0.0109115913113073,-0.34539432192732633,-1.231588282774031,-0.5763733301648353,-0.24347695801099978,9.10332087721323,1,12,Високе,0.2727272727272727
260,335,0,0.1,1175,121,High,0,2,0,0,0,0,0,0,0,0,0,0,NA,0,0,2.3165135024333616,-1.231588282774031,-1.2409231772578746,-1.3342702785640936,1,NA,0,Високе,0
2900,205,0,0.8,3600,126,Low,0,0,0,0,0,0,0,0,0,0,0,0,NA,0,0,0.9594624547200697,0.4312865334807936,-0.13334009876947572,0.8033063311316685,1,NA,0,Низьке,0
